Workbook

Sheet Janaka – Field Entry
A1: ANTRAC HOLDING GROUP | WELL LAND INVESTMENT PVT LTD
A2: FIELD VERIFICATION ENTRY FORM – THILAFUSHI SITE
A3: Completed by: Janaka Prasath Ekanayake (Senior Supervisor, Thilafushi) | E3: Inspection Date:
A4: ⚠ Complete ALL yellow cells. Enter the Serial No., Engine No., Swing Bearing Part No., and upload photo references. Update the Equipment Register sheet after inspection.
A5: Asset ID | B5: Brand / Model | C5: Serial No. (Physical) | D5: Engine No. (Physical) | E5: Name Plate Photo Ref | F5: Swing Bearing Part No. | G5: Swing Bearing Photo Ref | H5: Notes / Remarks
A6: EX003 | B6: CAT 323D3 | C6: CAT0323DKFEY00469
A7: EX004 | B7: Sumitomo SH220LC-6 | C7: SMT220U6P00BH1182
A8: EX005 | B8: CAT 336DL (Unit 1) – MLLU6500364 | C8: CAT0336DAWRK00437
A9: EX006 | B9: CAT 336DL (Unit 2) – MLLU6500019 | C9: CAT0336DPPGW00178
A10: EX001 | B10: XCMG XE60WG
A11: EX002 | B11: Komatsu PC70-8
A12: DT001 | B12: CAT 745C (TEXU8983147) | C12: CAT0745CTTFK00218
A13: DT002 | B13: CAT 745C (FTBU9602971) | C13: CAT0745CETFK00507
A15: Priority: Complete EX003–EX006 first. Swing Bearing Part No. is critical – fabrication cannot proceed without it.

Sheet Equipment Register
A1: ANTRAC HOLDING GROUP | WELL LAND INVESTMENT PVT LTD
A2: EQUIPMENT ASSET REGISTER – BODUFINOLHU RESORT DEVELOPMENT
A3: Doc Ref: WL-EAR-001 | F3: Project: Bodufinolhu Resort Development | K3: Site: Thilafushi / Bodufinolhu | O3: Last Updated:
A4: Asset ID | B4: Equipment Type | C4: Brand | D4: Model | E4: Year | F4: Qty | G4: Shipment Ref | H4: BL No. | I4: Container No. | J4: Serial No. (Verified) | K4: Engine No. (Verified) | L4: Name Plate Checked | M4: Name Plate Photo Ref | N4: Swing Bearing Part No. | O4: Swing Bearing Photo Ref | P4: Condition | Q4: Location | R4: Supplier Scope | S4: Remarks
A5: EX001 | B5: Wheel Excavator | C5: XCMG | D5: XE60WG | E5: 2024 | F5: 1 | G5: Shipment 1 | H5: — | I5: — | J5: REQUIRED | L5: Yes | M5: REQUIRED | N5: REQUIRED | O5: REQUIRED | Q5: Thilafushi | R5: No
A6: EX002 | B6: Tracked Excavator | C6: Komatsu | D6: PC70-8 | E6: 2012 | F6: 1 | G6: Shipment 1 | H6: — | I6: — | J6: REQUIRED | L6: Yes | M6: REQUIRED | N6: REQUIRED | O6: REQUIRED | Q6: Thilafushi | R6: No
A7: EX003 | B7: Tracked Excavator | C7: CAT | D7: 323D3 | E7: 2019 | F7: 1 | G7: Shipment 2 | H7: — | I7: — | J7: REQUIRED | L7: Available | M7: REQUIRED | N7: REQUIRED | O7: REQUIRED | Q7: Thilafushi | R7: YES – Rolman | S7: Swing bearing part no. critical for fabrication
A8: EX004 | B8: Tracked Excavator | C8: Sumitomo | D8: SH220LC-6 | E8: 2021 | F8: 1 | G8: Shipment 2 | H8: — | I8: — | J8: REQUIRED | L8: Available | M8: REQUIRED | N8: REQUIRED | O8: REQUIRED | Q8: Thilafushi | R8: YES – Rolman | S8: Swing bearing part no. critical for fabrication
A9: EX005 | B9: Tracked Excavator | C9: CAT | D9: 336DL | E9: — | F9: 1 | G9: Shipment 3 | H9: MLIJEAMLE25001097 | I9: MLLU6500364 | J9: REQUIRED | L9: Available | M9: REQUIRED | N9: REQUIRED | O9: REQUIRED | Q9: Thilafushi | R9: YES – Rolman | S9: Year TBC on site. Swing bearing critical.
A10: EX006 | B10: Tracked Excavator | C10: CAT | D10: 336DL | E10: — | F10: 1 | G10: Shipment 3 | H10: MLIJEAMLE25001097 | I10: MLLU6500019 | J10: REQUIRED | L10: Available | M10: REQUIRED | N10: REQUIRED | O10: REQUIRED | Q10: Thilafushi | R10: YES – Rolman | S10: Year TBC on site. Swing bearing critical.
A11: DT001 | B11: Articulated Dump Truck | C11: CAT | D11: 745C | E11: — | F11: 1 | G11: Shipment 3 | H11: MLIJEAMLE25001088 | I11: TEXU8983147 | J11: REQUIRED | M11: REQUIRED | N11: REQUIRED | O11: REQUIRED | Q11: Thilafushi | R11: No
A12: DT002 | B12: Articulated Dump Truck | C12: CAT | D12: 745C | E12: — | F12: 1 | G12: Shipment 3 | H12: MLIJEAMLE25001088 | I12: FTBU9602971 | J12: REQUIRED | M12: REQUIRED | N12: REQUIRED | O12: REQUIRED | Q12: Thilafushi | R12: No
A14: LEGEND
A15: Pending – Janaka must verify & complete
A16: Available / Verified
A17: Active Supplier Scope (Rolman / Kiran)

Sheet Material Log
A1: ANTRAC HOLDING GROUP | WELL LAND INVESTMENT PVT LTD
A2: MATERIAL INVENTORY LOG – BODUFINOLHU RESORT DEVELOPMENT
A3: Doc Ref: WL-MAT-001
A4: Ref ID | B4: Material Description | C4: Packaging | D4: BL No. | E4: Container No. | F4: Container Type | G4: Qty | H4: Unit | I4: Location | J4: Remarks
A5: MAT-001 | B5: Cement (25 kg bags) | C5: Bags | D5: QGD2525518 | E5: FCIU6264593 | F5: 20GP | H5: Bags | I5: Hulhumalé | J5: Shipment 4
A6: MAT-002 | B6: Cement (25 kg bags) | C6: Bags | D6: QGD2525518 | E6: TLLU2033550 | F6: 20GP | H6: Bags | I6: Hulhumalé | J6: Shipment 4
A7: MAT-003 | B7: Red Balau Treated S4S Timber | C7: Bulk | D7: DJA1441585 | E7: UETU5623197 | F7: 40HC | H7: CBM | I7: Hulhumalé | J7: Shipment 4

Sheet Kiran Extract – Rolman
A1: ANTRAC HOLDING GROUP | WELL LAND INVESTMENT PVT LTD
A2: SUPPLIER DATA EXTRACT – ROLMAN WORLD (KIRAN) | Swing Bearing Fabrication
A3: Doc Ref: WL-SUP-ROLMAN-001 | D3: Scope: Fabrication of High Bed Cylinders | G3: Supplier Country: India
A4: Asset ID | B4: Equipment Type | C4: Brand | D4: Model | E4: Serial No. | F4: Name Plate Status | G4: Name Plate Photo | H4: Swing Bearing Part No. | I4: Swing Bearing Photo
A5: ='Equipment Register'!A7 -> EX003 | B5: ='Equipment Register'!B7 -> Tracked Excavator | C5: ='Equipment Register'!C7 -> CAT | D5: ='Equipment Register'!D7 -> 323D3 | E5: ='Equipment Register'!J7 -> REQUIRED | F5: ='Equipment Register'!L7 -> Available | G5: ='Equipment Register'!M7 -> REQUIRED | H5: ='Equipment Register'!N7 -> REQUIRED | I5: ='Equipment Register'!O7 -> REQUIRED
A6: ='Equipment Register'!A8 -> EX004 | B6: ='Equipment Register'!B8 -> Tracked Excavator | C6: ='Equipment Register'!C8 -> Sumitomo | D6: ='Equipment Register'!D8 -> SH220LC-6 | E6: ='Equipment Register'!J8 -> REQUIRED | F6: ='Equipment Register'!L8 -> Available | G6: ='Equipment Register'!M8 -> REQUIRED | H6: ='Equipment Register'!N8 -> REQUIRED | I6: ='Equipment Register'!O8 -> REQUIRED
A7: ='Equipment Register'!A9 -> EX005 | B7: ='Equipment Register'!B9 -> Tracked Excavator | C7: ='Equipment Register'!C9 -> CAT | D7: ='Equipment Register'!D9 -> 336DL | E7: ='Equipment Register'!J9 -> REQUIRED | F7: ='Equipment Register'!L9 -> Available | G7: ='Equipment Register'!M9 -> REQUIRED | H7: ='Equipment Register'!N9 -> REQUIRED | I7: ='Equipment Register'!O9 -> REQUIRED
A8: ='Equipment Register'!A10 -> EX006 | B8: ='Equipment Register'!B10 -> Tracked Excavator | C8: ='Equipment Register'!C10 -> CAT | D8: ='Equipment Register'!D10 -> 336DL | E8: ='Equipment Register'!J10 -> REQUIRED | F8: ='Equipment Register'!L10 -> Available | G8: ='Equipment Register'!M10 -> REQUIRED | H8: ='Equipment Register'!N10 -> REQUIRED | I8: ='Equipment Register'!O10 -> REQUIRED
A10: ⚠ Yellow cells auto-update from Equipment Register once Janaka completes verification. Forward this sheet to Kiran (Rolman) only after all yellow cells are filled.
